File,LOC,SLOC-P,SLOC-L,MVG,BLOC,C&SLOC,CLOC,CWORD,HCLOC,HCWORD
D:\PRTOT\NEWWSPRTOT\JavaSkillUp\src\day5\assignment1\BaseEmployee.java,10,5,4,0,0,0,5,22,0,0
D:\PRTOT\NEWWSPRTOT\JavaSkillUp\src\day5\assignment1\GeneralEmployee.java,16,10,8,0,3,0,3,18,0,0
D:\PRTOT\NEWWSPRTOT\JavaSkillUp\src\day5\assignment1\RowPrinter.java,21,14,10,1,1,0,6,45,0,0
D:\PRTOT\NEWWSPRTOT\JavaSkillUp\src\day5\assignment1\RowReader.java,28,20,17,2,2,0,6,50,0,0
D:\PRTOT\NEWWSPRTOT\JavaSkillUp\src\day5\assignment1\TestRowPrinter.java,10,7,5,0,0,0,3,25,0,0
D:\PRTOT\NEWWSPRTOT\JavaSkillUp\src\day5\assignment2\BaseEmployee.java,9,4,3,0,0,0,5,23,0,0
D:\PRTOT\NEWWSPRTOT\JavaSkillUp\src\day5\assignment2\GeneralEmployee.java,15,10,8,0,2,0,3,18,0,0
D:\PRTOT\NEWWSPRTOT\JavaSkillUp\src\day5\assignment2\RowPrinter.java,21,14,10,1,1,0,6,45,0,0
D:\PRTOT\NEWWSPRTOT\JavaSkillUp\src\day5\assignment2\RowReader.java,27,20,17,2,1,0,6,51,0,0
D:\PRTOT\NEWWSPRTOT\JavaSkillUp\src\day5\assignment2\RowToFileConverter.java,28,21,18,1,0,0,7,51,0,0
D:\PRTOT\NEWWSPRTOT\JavaSkillUp\src\day5\assignment2\TestRowToFileConverter.java,10,7,5,0,0,0,3,26,0,0
D:\PRTOT\NEWWSPRTOT\JavaSkillUp\src\day5\assignment3\BaseEmployee.java,7,4,3,0,0,0,3,21,0,0
D:\PRTOT\NEWWSPRTOT\JavaSkillUp\src\day5\assignment3\EmployeeSearch.java,32,23,18,2,0,0,9,63,0,0
D:\PRTOT\NEWWSPRTOT\JavaSkillUp\src\day5\assignment3\GeneralEmployee.java,13,10,8,0,0,0,3,21,0,0
D:\PRTOT\NEWWSPRTOT\JavaSkillUp\src\day5\assignment3\RowPrinter.java,19,13,10,1,0,0,6,44,0,0
D:\PRTOT\NEWWSPRTOT\JavaSkillUp\src\day5\assignment3\RowReader.java,38,29,24,4,0,0,9,64,0,0
D:\PRTOT\NEWWSPRTOT\JavaSkillUp\src\day5\assignment3\TestEmployeeSearch.java,12,9,7,0,0,0,3,25,0,0
D:\PRTOT\NEWWSPRTOT\JavaSkillUp\src\day5\assignment4\BaseEmployee.java,7,4,3,0,0,0,3,20,0,0
D:\PRTOT\NEWWSPRTOT\JavaSkillUp\src\day5\assignment4\EmployeeSortedList.java,98,67,49,6,0,0,31,228,0,0
D:\PRTOT\NEWWSPRTOT\JavaSkillUp\src\day5\assignment4\GeneralEmployee.java,13,10,8,0,0,0,3,21,0,0
D:\PRTOT\NEWWSPRTOT\JavaSkillUp\src\day5\assignment4\RowPrinter.java,41,29,19,3,0,0,12,72,0,0
D:\PRTOT\NEWWSPRTOT\JavaSkillUp\src\day5\assignment4\RowReader.java,40,31,26,4,0,0,9,58,0,0
D:\PRTOT\NEWWSPRTOT\JavaSkillUp\src\day5\assignment4\RowToFileConverter.java,43,30,23,2,2,0,11,62,0,0
D:\PRTOT\NEWWSPRTOT\JavaSkillUp\src\day5\assignment4\TestEmployeesSortedList.java,11,7,5,0,1,0,3,24,0,0
D:\PRTOT\NEWWSPRTOT\JavaSkillUp\src\day5\assignment5\DirectoryListing.java,69,54,34,10,1,0,14,84,0,0
D:\PRTOT\NEWWSPRTOT\JavaSkillUp\src\day5\assignment5\TestDirectoryListing.java,21,18,17,0,0,0,3,25,0,0
